{
  "total_items":15.0,
  "improved_%":46.6666666667,
  "worse_%":53.3333333333,
  "avg_prophet_mape":16.5813361123,
  "avg_hybrid_mape":16.7817169457
}