store,avg_sales_store
1,47.268378970427165
2,67.03316538882804
3,59.530602409638554
4,54.90294633077766
5,39.77016429353779
6,39.733515881708655
7,36.363734939759034
8,64.14204819277109
9,55.049025191675796
10,58.70928806133625
