{
  "Naive": {
    "MAE": 10.648822222222222,
    "RMSE": 14.46775187941943,
    "MAPE": 22.884140578118668,
    "SMAPE": 21.40764097216862
  },
  "Moving_Average": {
    "MAE": 8.64231111111111,
    "RMSE": 11.371801979990192,
    "MAPE": 18.471868185926503,
    "SMAPE": 17.174738508422568
  },
  "Prophet": {
    "MAE": 6.33167280824914,
    "RMSE": 8.267499493142791,
    "MAPE": 13.700069058621878,
    "SMAPE": 13.164014556785073
  },
  "Hybrid": {
    "MAE": 5.964406408413273,
    "RMSE": 7.728654566760949,
    "MAPE": 13.064719800379152,
    "SMAPE": 12.543707343029146
  }
}