Store,Item,MAE,RMSE,MAPE (%)
1,1,3.9475854077285293,4.856829264759958,16.37059363937408
